,activity,event,dataset_id,true_pos,false_pos,false_neg,precision,recall,F1,mean_abs_time_diff
0,treadmill_walk,HS,Sub1_LF_HS,729,28,0,0.9630118890356671,1.0,0.9811574697173621,1.4074074074074074
1,treadmill_walk,HS,Sub1_RF_HS,554,2,0,0.9964028776978417,1.0,0.9981981981981982,1.3537906137184115
2,treadmill_walk,HS,Sub2_LF_HS,31,0,81,1.0,0.2767857142857143,0.43356643356643354,0.8709677419354839
3,treadmill_walk,HS,Sub2_RF_HS,4,0,95,1.0,0.04040404040404041,0.07766990291262137,2.5
4,treadmill_walk,HS,Sub3_LF_HS,315,204,0,0.6069364161849711,1.0,0.7553956834532374,2.3174603174603177
5,treadmill_walk,HS,Sub3_RF_HS,528,94,0,0.8488745980707395,1.0,0.9182608695652174,1.1761363636363635
6,treadmill_walk,HS,Sub4_LF_HS,213,31,0,0.8729508196721312,1.0,0.9321663019693655,0.48826291079812206
7,treadmill_walk,HS,Sub4_RF_HS,418,0,0,1.0,1.0,1.0,1.1650717703349283
8,treadmill_walk,HS,Sub5_LF_HS,966,90,0,0.9147727272727273,1.0,0.9554896142433235,1.849896480331263
9,treadmill_walk,HS,Sub5_RF_HS,425,50,0,0.8947368421052632,1.0,0.9444444444444444,1.1011764705882352
10,treadmill_walk,HS,Sub6_LF_HS,407,310,0,0.5676429567642957,1.0,0.7241992882562278,1.4742014742014742
11,treadmill_walk,HS,Sub6_RF_HS,537,261,1,0.6729323308270677,0.9981412639405205,0.8038922155688623,1.5121042830540037
12,treadmill_walk,HS,Sub7_LF_HS,356,153,0,0.6994106090373281,1.0,0.823121387283237,1.4915730337078652
13,treadmill_walk,HS,Sub7_RF_HS,279,177,3,0.6118421052631579,0.9893617021276596,0.7560975609756097,3.247311827956989
14,treadmill_walk,HS,Sub8_LF_HS,730,31,3,0.9592641261498029,0.9959072305593452,0.9772423025435074,1.7986301369863014
15,treadmill_walk,HS,Sub8_RF_HS,482,5,0,0.9897330595482546,1.0,0.9948400412796699,1.3941908713692945
16,treadmill_walk,HS,Sub9_LF_HS,596,336,0,0.6394849785407726,1.0,0.7801047120418848,1.4328859060402686
17,treadmill_walk,HS,Sub9_RF_HS,588,227,0,0.7214723926380369,1.0,0.8382038488952246,1.0085034013605443
18,treadmill_walk,HS,Sub10_LF_HS,396,40,2,0.908256880733945,0.9949748743718593,0.9496402877697842,1.351010101010101
19,treadmill_walk,HS,Sub10_RF_HS,644,152,0,0.8090452261306532,1.0,0.8944444444444445,1.4891304347826086
20,treadmill_walk,HS,Sub11_LF_HS,998,0,0,1.0,1.0,1.0,1.2705410821643286
21,treadmill_walk,HS,Sub11_RF_HS,945,13,0,0.9864300626304802,1.0,0.9931686810299527,1.2613756613756615
22,treadmill_walk,TO,Sub1_LF_TO,858,46,1,0.9491150442477876,0.9988358556461001,0.9733408961996597,2.124708624708625
23,treadmill_walk,TO,Sub1_RF_TO,662,58,1,0.9194444444444444,0.9984917043740573,0.9573391178597253,2.3293051359516617
24,treadmill_walk,TO,Sub2_LF_TO,307,2,0,0.9935275080906149,1.0,0.9967532467532468,0.8306188925081434
25,treadmill_walk,TO,Sub2_RF_TO,55,546,70,0.09151414309484193,0.44,0.15151515151515152,1.509090909090909
26,treadmill_walk,TO,Sub3_LF_TO,550,17,4,0.9700176366843033,0.9927797833935018,0.9812667261373774,1.1763636363636363
27,treadmill_walk,TO,Sub3_RF_TO,534,412,0,0.5644820295983086,1.0,0.7216216216216216,3.147940074906367
28,treadmill_walk,TO,Sub4_LF_TO,766,32,0,0.9598997493734336,1.0,0.979539641943734,2.7859007832898173
29,treadmill_walk,TO,Sub4_RF_TO,296,257,0,0.5352622061482821,1.0,0.6972909305064783,0.7837837837837838
30,treadmill_walk,TO,Sub5_LF_TO,506,2,10,0.9960629921259843,0.9806201550387597,0.98828125,1.8102766798418972
31,treadmill_walk,TO,Sub5_RF_TO,1155,230,0,0.8339350180505415,1.0,0.9094488188976378,1.9281385281385282
32,treadmill_walk,TO,Sub6_LF_TO,0,0,164,0.0,0.0,0.0,1000.0
33,treadmill_walk,TO,Sub6_RF_TO,145,345,94,0.29591836734693877,0.606694560669456,0.39780521262002744,2.5586206896551724
34,treadmill_walk,TO,Sub7_LF_TO,467,213,0,0.6867647058823529,1.0,0.8142981691368788,2.0278372591006426
35,treadmill_walk,TO,Sub7_RF_TO,115,133,56,0.4637096774193548,0.672514619883041,0.548926014319809,1.2956521739130435
36,treadmill_walk,TO,Sub8_LF_TO,1160,264,0,0.8146067415730337,1.0,0.8978328173374613,2.3482758620689657
37,treadmill_walk,TO,Sub8_RF_TO,916,578,0,0.6131191432396251,1.0,0.7601659751037344,2.1331877729257642
38,treadmill_walk,TO,Sub9_LF_TO,480,39,1,0.9248554913294798,0.997920997920998,0.96,1.0333333333333334
39,treadmill_walk,TO,Sub9_RF_TO,882,439,0,0.6676760030280091,1.0,0.8007262823422606,1.5192743764172336
40,treadmill_walk,TO,Sub10_LF_TO,47,86,133,0.3533834586466165,0.2611111111111111,0.3003194888178914,2.6382978723404253
41,treadmill_walk,TO,Sub10_RF_TO,533,24,13,0.9569120287253142,0.9761904761904762,0.9664551223934724,1.7673545966228894
42,treadmill_walk,TO,Sub11_LF_TO,786,486,1,0.6179245283018868,0.9987293519695044,0.7634774162214667,3.2480916030534353
43,treadmill_walk,TO,Sub11_RF_TO,2246,1431,0,0.6108240413380474,1.0,0.7583994597332434,2.719946571682992
44,treadmill_walknrun,HS,Sub1_LF_HS,2327,764,0,0.7528307990941443,1.0,0.8589885566629752,2.362269015900301
45,treadmill_walknrun,HS,Sub1_RF_HS,1676,527,2,0.7607807535179301,0.99880810488677,0.8636949239886627,2.3627684964200477
46,treadmill_walknrun,HS,Sub2_LF_HS,2417,693,0,0.7771704180064308,1.0,0.8746155237922925,2.4468349193214727
47,treadmill_walknrun,HS,Sub2_RF_HS,882,88,27,0.9092783505154639,0.9702970297029703,0.9387972325705163,1.963718820861678
48,treadmill_walknrun,HS,Sub3_LF_HS,581,230,0,0.7163995067817509,1.0,0.8347701149425287,3.487091222030981
49,treadmill_walknrun,HS,Sub3_RF_HS,495,100,0,0.8319327731092437,1.0,0.908256880733945,2.0545454545454547
50,treadmill_walknrun,HS,Sub4_LF_HS,538,205,0,0.7240915208613729,1.0,0.839968774395004,2.366171003717472
51,treadmill_walknrun,HS,Sub4_RF_HS,1864,479,0,0.7955612462654716,1.0,0.8861421440456382,2.1469957081545066
52,treadmill_walknrun,HS,Sub5_LF_HS,2113,224,0,0.904150620453573,1.0,0.9496629213483146,2.3099858021769997
53,treadmill_walknrun,HS,Sub5_RF_HS,1849,181,0,0.9108374384236453,1.0,0.9533384893013663,2.3834505137912383
54,treadmill_walknrun,HS,Sub6_LF_HS,477,352,4,0.5753920386007237,0.9916839916839917,0.7282442748091604,1.9811320754716981
55,treadmill_walknrun,HS,Sub6_RF_HS,733,431,14,0.6297250859106529,0.9812583668005355,0.7671376242804814,2.3969986357435196
56,treadmill_walknrun,HS,Sub7_LF_HS,563,398,6,0.5858480749219563,0.9894551845342706,0.7359477124183006,1.4813499111900532
57,treadmill_walknrun,HS,Sub7_RF_HS,763,472,0,0.6178137651821862,1.0,0.7637637637637638,2.0249017038007864
58,treadmill_walknrun,HS,Sub8_LF_HS,1762,682,0,0.720949263502455,1.0,0.8378506894912031,1.949489216799092
59,treadmill_walknrun,HS,Sub8_RF_HS,1293,48,0,0.9642058165548099,1.0,0.9817767653758542,1.5707656612529002
60,treadmill_walknrun,HS,Sub9_LF_HS,582,894,26,0.3943089430894309,0.9572368421052632,0.5585412667946258,2.1030927835051547
61,treadmill_walknrun,HS,Sub9_RF_HS,607,456,1,0.5710253998118533,0.9983552631578947,0.7265110712148414,1.6622734761120264
62,treadmill_walknrun,HS,Sub10_LF_HS,507,176,0,0.7423133235724744,1.0,0.8521008403361344,2.0059171597633134
63,treadmill_walknrun,HS,Sub10_RF_HS,474,129,9,0.7860696517412935,0.9813664596273292,0.87292817679558,2.0274261603375527
64,treadmill_walknrun,HS,Sub11_LF_HS,1717,75,0,0.9581473214285714,1.0,0.9786263892846965,1.9039021549213746
65,treadmill_walknrun,HS,Sub11_RF_HS,1778,34,0,0.9812362030905077,1.0,0.9905292479108635,2.014060742407199
66,treadmill_walknrun,TO,Sub1_LF_TO,19,100,251,0.15966386554621848,0.07037037037037037,0.09768637532133677,2.263157894736842
67,treadmill_walknrun,TO,Sub1_RF_TO,63,311,236,0.16844919786096257,0.21070234113712374,0.187221396731055,1.9047619047619047
68,treadmill_walknrun,TO,Sub2_LF_TO,0,129,261,0.0,0.0,0.0,1000.0
69,treadmill_walknrun,TO,Sub2_RF_TO,364,286,73,0.56,0.8329519450800915,0.6697332106715732,2.793956043956044
70,treadmill_walknrun,TO,Sub3_LF_TO,130,968,205,0.11839708561020036,0.3880597014925373,0.18143754361479414,2.423076923076923
71,treadmill_walknrun,TO,Sub3_RF_TO,450,814,58,0.3560126582278481,0.8858267716535433,0.5079006772009029,3.482222222222222
72,treadmill_walknrun,TO,Sub4_LF_TO,2,97,255,0.020202020202020204,0.007782101167315175,0.011235955056179777,4.5
73,treadmill_walknrun,TO,Sub4_RF_TO,242,611,118,0.283704572098476,0.6722222222222223,0.39901071723000825,1.8636363636363635
74,treadmill_walknrun,TO,Sub5_LF_TO,483,1214,100,0.2846199175014732,0.8284734133790738,0.4236842105263158,3.389233954451346
75,treadmill_walknrun,TO,Sub5_RF_TO,534,1113,116,0.3242258652094718,0.8215384615384616,0.46495428820200263,2.269662921348315
76,treadmill_walknrun,TO,Sub6_LF_TO,0,0,216,0.0,0.0,0.0,1000.0
77,treadmill_walknrun,TO,Sub6_RF_TO,763,815,134,0.4835234474017744,0.850613154960981,0.6165656565656565,2.4993446920052427
78,treadmill_walknrun,TO,Sub7_LF_TO,0,187,246,0.0,0.0,0.0,1000.0
79,treadmill_walknrun,TO,Sub7_RF_TO,1,747,244,0.001336898395721925,0.004081632653061225,0.002014098690835851,5.0
80,treadmill_walknrun,TO,Sub8_LF_TO,95,1604,192,0.055915244261330196,0.3310104529616725,0.09566968781470292,3.126315789473684
81,treadmill_walknrun,TO,Sub8_RF_TO,0,1643,239,0.0,0.0,0.0,1000.0
82,treadmill_walknrun,TO,Sub9_LF_TO,407,420,152,0.4921402660217654,0.7280858676207513,0.5873015873015872,1.5995085995085996
83,treadmill_walknrun,TO,Sub9_RF_TO,389,1127,152,0.25659630606860157,0.7190388170055453,0.37822070977151184,1.5012853470437018
84,treadmill_walknrun,TO,Sub10_LF_TO,104,430,176,0.1947565543071161,0.37142857142857144,0.25552825552825553,3.0096153846153846
85,treadmill_walknrun,TO,Sub10_RF_TO,742,1635,35,0.3121581825830879,0.954954954954955,0.4705136334812936,2.871967654986523
86,treadmill_walknrun,TO,Sub11_LF_TO,0,0,243,0.0,0.0,0.0,1000.0
87,treadmill_walknrun,TO,Sub11_RF_TO,1970,1469,1,0.5728409421343413,0.9994926433282597,0.7282809611829945,2.45989847715736
88,treadmill_run,HS,Sub1_LF_HS,748,152,0,0.8311111111111111,1.0,0.9077669902912622,2.2433155080213902
89,treadmill_run,HS,Sub1_RF_HS,13,5,77,0.7222222222222222,0.14444444444444443,0.2407407407407407,1.0769230769230769
90,treadmill_run,HS,Sub2_LF_HS,614,19,8,0.9699842022116903,0.9871382636655949,0.9784860557768924,1.9136807817589576
91,treadmill_run,HS,Sub2_RF_HS,513,57,7,0.9,0.9865384615384616,0.9412844036697249,1.8830409356725146
92,treadmill_run,HS,Sub3_LF_HS,185,4,0,0.9788359788359788,1.0,0.9893048128342246,1.0108108108108107
93,treadmill_run,HS,Sub3_RF_HS,190,3,0,0.9844559585492227,1.0,0.9921671018276762,1.3105263157894738
94,treadmill_run,HS,Sub4_LF_HS,65,112,64,0.3672316384180791,0.5038759689922481,0.4248366013071895,3.1538461538461537
95,treadmill_run,HS,Sub4_RF_HS,734,4,1,0.994579945799458,0.998639455782313,0.9966055668703327,1.9700272479564032
96,treadmill_run,HS,Sub5_LF_HS,270,0,0,1.0,1.0,1.0,1.2148148148148148
97,treadmill_run,HS,Sub5_RF_HS,89,0,5,1.0,0.9468085106382979,0.9726775956284154,0.6067415730337079
98,treadmill_run,HS,Sub6_LF_HS,248,51,0,0.8294314381270903,1.0,0.9067641681901281,2.0403225806451615
99,treadmill_run,HS,Sub6_RF_HS,0,0,40,0.0,0.0,0.0,1000.0
100,treadmill_run,HS,Sub7_LF_HS,257,2,1,0.9922779922779923,0.9961240310077519,0.9941972920696325,1.0622568093385214
101,treadmill_run,HS,Sub7_RF_HS,278,119,0,0.7002518891687658,1.0,0.8237037037037037,1.435251798561151
102,treadmill_run,HS,Sub8_LF_HS,520,12,1,0.9774436090225563,0.9980806142034548,0.9876543209876544,1.5865384615384615
103,treadmill_run,HS,Sub8_RF_HS,16,0,78,1.0,0.1702127659574468,0.2909090909090909,0.9375
104,treadmill_run,HS,Sub9_LF_HS,0,0,46,0.0,0.0,0.0,1000.0
105,treadmill_run,HS,Sub9_RF_HS,175,5,0,0.9722222222222222,1.0,0.9859154929577464,1.24
106,treadmill_run,HS,Sub10_LF_HS,135,7,0,0.9507042253521126,1.0,0.9747292418772564,1.037037037037037
107,treadmill_run,HS,Sub10_RF_HS,59,4,22,0.9365079365079365,0.7283950617283951,0.8194444444444445,1.6610169491525424
108,treadmill_run,HS,Sub11_LF_HS,108,0,0,1.0,1.0,1.0,1.4444444444444444
109,treadmill_run,HS,Sub11_RF_HS,37,4,10,0.9024390243902439,0.7872340425531915,0.8409090909090909,0.8918918918918919
110,treadmill_run,TO,Sub1_LF_TO,259,486,9,0.3476510067114094,0.9664179104477612,0.5113524185587365,3.5907335907335907
111,treadmill_run,TO,Sub1_RF_TO,0,0,90,0.0,0.0,0.0,1000.0
112,treadmill_run,TO,Sub2_LF_TO,0,0,135,0.0,0.0,0.0,1000.0
113,treadmill_run,TO,Sub2_RF_TO,0,0,136,0.0,0.0,0.0,1000.0
114,treadmill_run,TO,Sub3_LF_TO,91,5,1,0.9479166666666666,0.9891304347826086,0.9680851063829786,0.5054945054945055
115,treadmill_run,TO,Sub3_RF_TO,0,0,63,0.0,0.0,0.0,1000.0
116,treadmill_run,TO,Sub4_LF_TO,3,1044,116,0.0028653295128939827,0.025210084033613446,0.005145797598627787,3.0
117,treadmill_run,TO,Sub4_RF_TO,690,599,0,0.5352986811481769,1.0,0.697321879737241,1.8318840579710145
118,treadmill_run,TO,Sub5_LF_TO,264,31,8,0.8949152542372881,0.9705882352941176,0.9312169312169313,1.5151515151515151
119,treadmill_run,TO,Sub5_RF_TO,340,27,3,0.9264305177111717,0.9912536443148688,0.9577464788732395,1.6205882352941177
120,treadmill_run,TO,Sub6_LF_TO,0,0,39,0.0,0.0,0.0,1000.0
121,treadmill_run,TO,Sub6_RF_TO,0,0,39,0.0,0.0,0.0,1000.0
122,treadmill_run,TO,Sub7_LF_TO,630,232,0,0.7308584686774942,1.0,0.8445040214477212,2.6396825396825396
123,treadmill_run,TO,Sub7_RF_TO,911,67,0,0.9314928425357873,1.0,0.9645314981471679,2.2854006586169047
124,treadmill_run,TO,Sub8_LF_TO,280,6,0,0.9790209790209791,1.0,0.989399293286219,1.1071428571428572
125,treadmill_run,TO,Sub8_RF_TO,0,0,88,0.0,0.0,0.0,1000.0
126,treadmill_run,TO,Sub9_LF_TO,71,0,2,1.0,0.9726027397260274,0.9861111111111112,1.4225352112676057
127,treadmill_run,TO,Sub9_RF_TO,94,6,0,0.94,1.0,0.9690721649484536,0.7340425531914894
128,treadmill_run,TO,Sub10_LF_TO,224,45,0,0.8327137546468402,1.0,0.9087221095334685,2.3392857142857144
129,treadmill_run,TO,Sub10_RF_TO,267,8,0,0.9709090909090909,1.0,0.985239852398524,1.9213483146067416
130,treadmill_run,TO,Sub11_LF_TO,0,6,21,0.0,0.0,0.0,1000.0
131,treadmill_run,TO,Sub11_RF_TO,20,19,9,0.5128205128205128,0.6896551724137931,0.5882352941176471,0.6
132,treadmill_all,HS,Sub1_LF_HS,985,14,7,0.985985985985986,0.9929435483870968,0.9894525364138624,1.4964467005076143
133,treadmill_all,HS,Sub1_RF_HS,805,3,1,0.9962871287128713,0.9987593052109182,0.9975216852540273,1.031055900621118
134,treadmill_all,HS,Sub2_LF_HS,312,18,232,0.9454545454545454,0.5735294117647058,0.7139588100686498,1.5769230769230769
135,treadmill_all,HS,Sub2_RF_HS,0,0,349,0.0,0.0,0.0,1000.0
136,treadmill_all,HS,Sub3_LF_HS,1729,4,0,0.9976918638199653,1.0,0.998844598497978,1.6096009253903991
137,treadmill_all,HS,Sub3_RF_HS,1039,76,25,0.9318385650224216,0.9765037593984962,0.9536484625975217,1.6313763233878729
138,treadmill_all,HS,Sub4_LF_HS,906,169,0,0.8427906976744186,1.0,0.9146895507319536,0.8410596026490066
139,treadmill_all,HS,Sub4_RF_HS,399,0,129,1.0,0.7556818181818182,0.86084142394822,0.6666666666666666
140,treadmill_all,HS,Sub5_LF_HS,644,0,47,1.0,0.9319826338639653,0.9647940074906367,0.6847826086956522
141,treadmill_all,HS,Sub5_RF_HS,296,19,202,0.9396825396825397,0.5943775100401606,0.7281672816728166,3.435810810810811
142,treadmill_all,HS,Sub6_LF_HS,879,273,0,0.7630208333333334,1.0,0.8655834564254061,1.3674630261660978
143,treadmill_all,HS,Sub6_RF_HS,931,139,1,0.8700934579439252,0.9989270386266095,0.93006993006993,1.3490870032223417
144,treadmill_all,HS,Sub7_LF_HS,120,442,250,0.21352313167259787,0.32432432432432434,0.25751072961373395,3.35
145,treadmill_all,HS,Sub7_RF_HS,220,45,171,0.8301886792452831,0.5626598465473146,0.6707317073170731,1.2181818181818183
146,treadmill_all,HS,Sub8_LF_HS,1249,11,4,0.9912698412698413,0.9968076616121309,0.9940310385992837,1.300240192153723
147,treadmill_all,HS,Sub8_RF_HS,559,3,55,0.994661921708185,0.9104234527687296,0.9506802721088435,1.0876565295169947
148,treadmill_all,HS,Sub9_LF_HS,670,3,120,0.9955423476968797,0.8481012658227848,0.9159261790840738,1.3686567164179104
149,treadmill_all,HS,Sub9_RF_HS,1170,1093,3,0.5170128148475475,0.9974424552429667,0.6810244470314318,1.4675213675213674
150,treadmill_all,HS,Sub10_LF_HS,1526,1,0,0.9993451211525868,1.0,0.9996724533245988,1.6435124508519003
151,treadmill_all,HS,Sub10_RF_HS,1241,2,22,0.998390989541432,0.9825811559778306,0.9904229848363927,1.774375503626108
152,treadmill_all,HS,Sub11_LF_HS,1011,0,4,1.0,0.9960591133004926,0.998025666337611,0.7873392680514342
153,treadmill_all,HS,Sub11_RF_HS,320,0,206,1.0,0.6083650190114068,0.756501182033097,0.684375
154,treadmill_all,TO,Sub1_LF_TO,0,0,346,0.0,0.0,0.0,1000.0
155,treadmill_all,TO,Sub1_RF_TO,0,216,346,0.0,0.0,0.0,1000.0
156,treadmill_all,TO,Sub2_LF_TO,86,44,289,0.6615384615384615,0.22933333333333333,0.3405940594059406,2.5
157,treadmill_all,TO,Sub2_RF_TO,729,339,25,0.6825842696629213,0.96684350132626,0.8002195389681669,1.1604938271604939
158,treadmill_all,TO,Sub3_LF_TO,0,421,348,0.0,0.0,0.0,1000.0
159,treadmill_all,TO,Sub3_RF_TO,138,69,256,0.6666666666666666,0.350253807106599,0.45923460898502494,4.159420289855072
160,treadmill_all,TO,Sub4_LF_TO,536,0,151,1.0,0.7802037845705968,0.8765331152902699,1.0429104477611941
161,treadmill_all,TO,Sub4_RF_TO,1523,2015,0,0.43046919163369135,1.0,0.601857340446552,1.3368351936966514
162,treadmill_all,TO,Sub5_LF_TO,2684,277,1,0.9064505234718001,0.9996275605214152,0.9507616011335458,2.0912816691505216
163,treadmill_all,TO,Sub5_RF_TO,1053,0,76,1.0,0.9326837909654562,0.9651695692025665,0.9753086419753086
164,treadmill_all,TO,Sub6_LF_TO,509,126,68,0.8015748031496063,0.8821490467937608,0.8399339933993399,2.612966601178782
165,treadmill_all,TO,Sub6_RF_TO,1144,910,5,0.5569620253164557,0.9956483899042646,0.7143303153293786,1.8295454545454546
166,treadmill_all,TO,Sub7_LF_TO,0,35,318,0.0,0.0,0.0,1000.0
167,treadmill_all,TO,Sub7_RF_TO,16,3,303,0.8421052631578947,0.050156739811912224,0.09467455621301775,3.0
168,treadmill_all,TO,Sub8_LF_TO,14,91,303,0.13333333333333333,0.04416403785488959,0.06635071090047394,1.9285714285714286
169,treadmill_all,TO,Sub8_RF_TO,68,0,263,1.0,0.2054380664652568,0.3408521303258145,0.4852941176470588
170,treadmill_all,TO,Sub9_LF_TO,229,7,210,0.9703389830508474,0.5216400911161732,0.6785185185185185,0.5851528384279476
171,treadmill_all,TO,Sub9_RF_TO,3,6,351,0.3333333333333333,0.00847457627118644,0.01652892561983471,1.3333333333333333
172,treadmill_all,TO,Sub10_LF_TO,0,0,376,0.0,0.0,0.0,1000.0
173,treadmill_all,TO,Sub10_RF_TO,1152,35,0,0.970513900589722,1.0,0.9850363403163745,0.9157986111111112
174,treadmill_all,TO,Sub11_LF_TO,537,3,102,0.9944444444444445,0.8403755868544601,0.910941475826972,0.8026070763500931
175,treadmill_all,TO,Sub11_RF_TO,884,35,9,0.9619151251360174,0.9899216125419933,0.9757174392935982,3.1165158371040724
176,indoor_walk,HS,Sub1_LF_HS,150,1,1,0.9933774834437086,0.9933774834437086,0.9933774834437086,1.32
177,indoor_walk,HS,Sub1_RF_HS,117,3,0,0.975,1.0,0.9873417721518987,0.7008547008547008
178,indoor_walk,HS,Sub2_LF_HS,241,36,3,0.8700361010830325,0.9877049180327869,0.9251439539347409,2.0580912863070537
179,indoor_walk,HS,Sub2_RF_HS,0,0,52,0.0,0.0,0.0,1000.0
180,indoor_walk,HS,Sub3_LF_HS,198,0,0,1.0,1.0,1.0,1.101010101010101
181,indoor_walk,HS,Sub3_RF_HS,138,5,1,0.965034965034965,0.9928057553956835,0.9787234042553192,1.463768115942029
182,indoor_walk,HS,Sub4_LF_HS,71,0,2,1.0,0.9726027397260274,0.9861111111111112,0.971830985915493
183,indoor_walk,HS,Sub4_RF_HS,87,0,12,1.0,0.8787878787878788,0.9354838709677419,0.8160919540229885
184,indoor_walk,HS,Sub5_LF_HS,161,0,1,1.0,0.9938271604938271,0.9969040247678018,0.9813664596273292
185,indoor_walk,HS,Sub5_RF_HS,144,0,4,1.0,0.972972972972973,0.9863013698630138,1.1597222222222223
186,indoor_walk,HS,Sub6_LF_HS,168,41,0,0.8038277511961722,1.0,0.8912466843501327,1.3511904761904763
187,indoor_walk,HS,Sub6_RF_HS,84,0,0,1.0,1.0,1.0,0.5595238095238095
188,indoor_walk,HS,Sub7_LF_HS,243,17,0,0.9346153846153846,1.0,0.9662027833001988,1.829268292682927
189,indoor_walk,HS,Sub7_RF_HS,169,3,1,0.9825581395348837,0.9941176470588236,0.9883040935672515,2.0710059171597632
190,indoor_walk,HS,Sub8_LF_HS,158,0,0,1.0,1.0,1.0,0.9556962025316456
191,indoor_walk,HS,Sub8_RF_HS,164,0,0,1.0,1.0,1.0,1.0731707317073171
192,indoor_walk,HS,Sub9_LF_HS,159,79,0,0.6680672268907563,1.0,0.801007556675063,1.0188679245283019
193,indoor_walk,HS,Sub9_RF_HS,173,1,0,0.9942528735632183,1.0,0.9971181556195965,1.254335260115607
194,indoor_walk,HS,Sub10_LF_HS,96,0,1,1.0,0.9896907216494846,0.9948186528497409,0.9375
195,indoor_walk,HS,Sub10_RF_HS,78,6,1,0.9285714285714286,0.9873417721518988,0.9570552147239264,0.46153846153846156
196,indoor_walk,HS,Sub11_LF_HS,191,0,1,1.0,0.9947916666666666,0.9973890339425587,0.9319371727748691
197,indoor_walk,HS,Sub11_RF_HS,235,0,0,1.0,1.0,1.0,1.195744680851064
198,indoor_walk,TO,Sub1_LF_TO,39,3,24,0.9285714285714286,0.6190476190476191,0.742857142857143,0.5128205128205128
199,indoor_walk,TO,Sub1_RF_TO,195,4,0,0.9798994974874372,1.0,0.9898477157360407,1.7897435897435898
200,indoor_walk,TO,Sub2_LF_TO,141,219,1,0.39166666666666666,0.9929577464788732,0.5617529880478088,1.2269503546099292
201,indoor_walk,TO,Sub2_RF_TO,235,15,1,0.94,0.9957627118644068,0.9670781893004115,2.0382978723404257
202,indoor_walk,TO,Sub3_LF_TO,261,166,0,0.6112412177985949,1.0,0.7587209302325582,1.9386973180076628
203,indoor_walk,TO,Sub3_RF_TO,216,25,0,0.8962655601659751,1.0,0.9452954048140044,1.537037037037037
204,indoor_walk,TO,Sub4_LF_TO,211,4,0,0.9813953488372092,1.0,0.9906103286384975,1.6966824644549763
205,indoor_walk,TO,Sub4_RF_TO,368,3,0,0.9919137466307277,1.0,0.9959404600811907,1.983695652173913
206,indoor_walk,TO,Sub5_LF_TO,122,1,0,0.991869918699187,1.0,0.9959183673469388,0.6311475409836066
207,indoor_walk,TO,Sub5_RF_TO,57,0,25,1.0,0.6951219512195121,0.8201438848920863,0.6140350877192983
208,indoor_walk,TO,Sub6_LF_TO,162,30,0,0.84375,1.0,0.9152542372881356,1.1790123456790123
209,indoor_walk,TO,Sub6_RF_TO,125,0,0,1.0,1.0,1.0,1.328
210,indoor_walk,TO,Sub7_LF_TO,117,6,3,0.9512195121951219,0.975,0.9629629629629629,0.7948717948717948
211,indoor_walk,TO,Sub7_RF_TO,190,48,0,0.7983193277310925,1.0,0.8878504672897196,1.3421052631578947
212,indoor_walk,TO,Sub8_LF_TO,162,0,0,1.0,1.0,1.0,1.0987654320987654
213,indoor_walk,TO,Sub8_RF_TO,148,0,0,1.0,1.0,1.0,1.6013513513513513
214,indoor_walk,TO,Sub9_LF_TO,104,1,0,0.9904761904761905,1.0,0.9952153110047847,0.7692307692307693
215,indoor_walk,TO,Sub9_RF_TO,134,0,2,1.0,0.9852941176470589,0.9925925925925926,1.0223880597014925
216,indoor_walk,TO,Sub10_LF_TO,176,177,0,0.4985835694050991,1.0,0.665406427221172,0.9772727272727273
217,indoor_walk,TO,Sub10_RF_TO,92,0,7,1.0,0.9292929292929293,0.9633507853403142,0.8478260869565217
218,indoor_walk,TO,Sub11_LF_TO,75,3,2,0.9615384615384616,0.974025974025974,0.967741935483871,0.5466666666666666
219,indoor_walk,TO,Sub11_RF_TO,101,54,8,0.6516129032258065,0.926605504587156,0.7651515151515152,2.376237623762376
220,indoor_run,HS,Sub1_LF_HS,379,7,2,0.9818652849740933,0.994750656167979,0.9882659713168187,1.4564643799472297
221,indoor_run,HS,Sub1_RF_HS,184,76,18,0.7076923076923077,0.9108910891089109,0.7965367965367967,1.125
222,indoor_run,HS,Sub2_LF_HS,197,4,0,0.9800995024875622,1.0,0.9899497487437185,1.3350253807106598
223,indoor_run,HS,Sub2_RF_HS,235,1,5,0.9957627118644068,0.9791666666666666,0.9873949579831932,1.7659574468085106
224,indoor_run,HS,Sub3_LF_HS,127,0,6,1.0,0.9548872180451128,0.9769230769230769,1.015748031496063
225,indoor_run,HS,Sub3_RF_HS,187,0,4,1.0,0.9790575916230366,0.9894179894179894,1.13903743315508
226,indoor_run,HS,Sub4_LF_HS,104,42,9,0.7123287671232876,0.9203539823008849,0.803088803088803,0.7115384615384616
227,indoor_run,HS,Sub4_RF_HS,182,0,1,1.0,0.994535519125683,0.9972602739726028,0.967032967032967
228,indoor_run,HS,Sub5_LF_HS,257,17,4,0.9379562043795621,0.9846743295019157,0.9607476635514018,1.1284046692607004
229,indoor_run,HS,Sub5_RF_HS,211,0,0,1.0,1.0,1.0,1.085308056872038
230,indoor_run,HS,Sub6_LF_HS,182,12,2,0.9381443298969072,0.9891304347826086,0.9629629629629629,1.5054945054945055
231,indoor_run,HS,Sub6_RF_HS,134,12,0,0.9178082191780822,1.0,0.9571428571428571,1.7835820895522387
232,indoor_run,HS,Sub7_LF_HS,188,5,0,0.9740932642487047,1.0,0.9868766404199476,1.5797872340425532
233,indoor_run,HS,Sub7_RF_HS,0,0,61,0.0,0.0,0.0,1000.0
234,indoor_run,HS,Sub8_LF_HS,127,0,3,1.0,0.9769230769230769,0.9883268482490272,0.937007874015748
235,indoor_run,HS,Sub8_RF_HS,2,0,61,1.0,0.031746031746031744,0.06153846153846154,1.0
236,indoor_run,HS,Sub9_LF_HS,164,0,7,1.0,0.9590643274853801,0.9791044776119403,1.1341463414634145
237,indoor_run,HS,Sub9_RF_HS,334,45,0,0.8812664907651715,1.0,0.9368863955119214,1.7125748502994012
238,indoor_run,HS,Sub10_LF_HS,203,1,0,0.9950980392156863,1.0,0.9975429975429976,1.019704433497537
239,indoor_run,HS,Sub10_RF_HS,0,0,66,0.0,0.0,0.0,1000.0
240,indoor_run,HS,Sub11_LF_HS,186,1,6,0.9946524064171123,0.96875,0.9815303430079155,0.8387096774193549
241,indoor_run,HS,Sub11_RF_HS,20,1,65,0.9523809523809523,0.23529411764705882,0.3773584905660377,1.2
242,indoor_run,TO,Sub1_LF_TO,0,0,78,0.0,0.0,0.0,1000.0
243,indoor_run,TO,Sub1_RF_TO,227,49,4,0.822463768115942,0.9826839826839827,0.8954635108481263,2.0220264317180616
244,indoor_run,TO,Sub2_LF_TO,0,0,67,0.0,0.0,0.0,1000.0
245,indoor_run,TO,Sub2_RF_TO,112,11,19,0.9105691056910569,0.8549618320610687,0.8818897637795274,2.017857142857143
246,indoor_run,TO,Sub3_LF_TO,153,71,6,0.6830357142857143,0.9622641509433962,0.7989556135770235,1.0718954248366013
247,indoor_run,TO,Sub3_RF_TO,17,46,54,0.2698412698412698,0.23943661971830985,0.25373134328358204,0.6470588235294118
248,indoor_run,TO,Sub4_LF_TO,354,61,1,0.8530120481927711,0.9971830985915493,0.9194805194805195,2.016949152542373
249,indoor_run,TO,Sub4_RF_TO,19,1,50,0.95,0.2753623188405797,0.42696629213483145,0.8421052631578947
250,indoor_run,TO,Sub5_LF_TO,340,7,11,0.9798270893371758,0.9686609686609686,0.9742120343839541,1.7058823529411764
251,indoor_run,TO,Sub5_RF_TO,222,107,2,0.6747720364741642,0.9910714285714286,0.8028933092224231,1.0225225225225225
252,indoor_run,TO,Sub6_LF_TO,0,0,62,0.0,0.0,0.0,1000.0
253,indoor_run,TO,Sub6_RF_TO,0,13,63,0.0,0.0,0.0,1000.0
254,indoor_run,TO,Sub7_LF_TO,0,0,61,0.0,0.0,0.0,1000.0
255,indoor_run,TO,Sub7_RF_TO,0,0,61,0.0,0.0,0.0,1000.0
256,indoor_run,TO,Sub8_LF_TO,190,7,3,0.9644670050761421,0.9844559585492227,0.9743589743589743,2.4210526315789473
257,indoor_run,TO,Sub8_RF_TO,177,0,6,1.0,0.9672131147540983,0.9833333333333333,1.3389830508474576
258,indoor_run,TO,Sub9_LF_TO,150,67,13,0.6912442396313364,0.9202453987730062,0.7894736842105264,0.7933333333333333
259,indoor_run,TO,Sub9_RF_TO,159,23,7,0.8736263736263736,0.9578313253012049,0.9137931034482759,0.6918238993710691
260,indoor_run,TO,Sub10_LF_TO,76,0,27,1.0,0.7378640776699029,0.8491620111731844,1.3289473684210527
261,indoor_run,TO,Sub10_RF_TO,221,14,2,0.9404255319148936,0.9910313901345291,0.965065502183406,2.004524886877828
262,indoor_run,TO,Sub11_LF_TO,105,0,38,1.0,0.7342657342657343,0.8467741935483871,0.9333333333333333
263,indoor_run,TO,Sub11_RF_TO,129,25,9,0.8376623376623377,0.9347826086956522,0.8835616438356164,0.5736434108527132
264,indoor_walknrun,HS,Sub1_LF_HS,1158,199,2,0.8533529845246868,0.9982758620689656,0.9201430274135876,2.255613126079447
265,indoor_walknrun,HS,Sub1_RF_HS,1245,564,0,0.6882255389718076,1.0,0.8153241650294695,2.293975903614458
266,indoor_walknrun,HS,Sub2_LF_HS,1082,494,0,0.6865482233502538,1.0,0.8141459744168548,2.3410351201478745
267,indoor_walknrun,HS,Sub2_RF_HS,823,75,4,0.9164810690423163,0.9951632406287787,0.9542028985507247,2.2150668286755772
268,indoor_walknrun,HS,Sub3_LF_HS,1104,520,0,0.6798029556650246,1.0,0.809384164222874,2.3215579710144927
269,indoor_walknrun,HS,Sub3_RF_HS,1254,309,1,0.8023032629558541,0.999203187250996,0.8899929027679204,2.6810207336523124
270,indoor_walknrun,HS,Sub4_LF_HS,231,186,2,0.5539568345323741,0.9914163090128756,0.7107692307692308,0.8658008658008658
271,indoor_walknrun,HS,Sub4_RF_HS,861,145,1,0.8558648111332008,0.9988399071925754,0.9218415417558887,2.3495934959349594
272,indoor_walknrun,HS,Sub5_LF_HS,1353,460,0,0.746276889134032,1.0,0.8547062539481995,2.393939393939394
273,indoor_walknrun,HS,Sub5_RF_HS,1044,171,0,0.8592592592592593,1.0,0.9243027888446216,2.271072796934866
274,indoor_walknrun,HS,Sub6_LF_HS,653,493,0,0.5698080279232112,1.0,0.725958866036687,2.341500765696784
275,indoor_walknrun,HS,Sub6_RF_HS,360,115,0,0.7578947368421053,1.0,0.8622754491017963,2.6055555555555556
276,indoor_walknrun,HS,Sub7_LF_HS,53,8,69,0.8688524590163934,0.4344262295081967,0.5792349726775956,3.943396226415094
277,indoor_walknrun,HS,Sub7_RF_HS,0,0,122,0.0,0.0,0.0,1000.0
278,indoor_walknrun,HS,Sub8_LF_HS,1012,158,0,0.864957264957265,1.0,0.9275893675527039,2.116600790513834
279,indoor_walknrun,HS,Sub8_RF_HS,1086,262,0,0.8056379821958457,1.0,0.8923582580115037,2.389502762430939
280,indoor_walknrun,HS,Sub9_LF_HS,309,566,0,0.35314285714285715,1.0,0.5219594594594594,1.779935275080906
281,indoor_walknrun,HS,Sub9_RF_HS,98,195,76,0.33447098976109213,0.5632183908045977,0.41970021413276226,3.122448979591837
282,indoor_walknrun,HS,Sub10_LF_HS,251,4,1,0.984313725490196,0.996031746031746,0.9901380670611438,2.350597609561753
283,indoor_walknrun,HS,Sub10_RF_HS,362,450,1,0.4458128078817734,0.9972451790633609,0.6161702127659574,2.569060773480663
284,indoor_walknrun,HS,Sub11_LF_HS,1371,56,0,0.9607568325157674,1.0,0.9799857040743388,2.309992706053975
285,indoor_walknrun,HS,Sub11_RF_HS,1133,59,0,0.950503355704698,1.0,0.9746236559139785,1.9911738746690204
286,indoor_walknrun,TO,Sub1_LF_TO,0,0,147,0.0,0.0,0.0,1000.0
287,indoor_walknrun,TO,Sub1_RF_TO,0,0,147,0.0,0.0,0.0,1000.0
288,indoor_walknrun,TO,Sub2_LF_TO,0,17,135,0.0,0.0,0.0,1000.0
289,indoor_walknrun,TO,Sub2_RF_TO,0,0,135,0.0,0.0,0.0,1000.0
290,indoor_walknrun,TO,Sub3_LF_TO,91,553,71,0.14130434782608695,0.5617283950617284,0.22580645161290325,1.4505494505494505
291,indoor_walknrun,TO,Sub3_RF_TO,14,296,131,0.04516129032258064,0.09655172413793103,0.061538461538461535,2.142857142857143
292,indoor_walknrun,TO,Sub4_LF_TO,27,486,113,0.05263157894736842,0.19285714285714287,0.08269525267993874,3.7777777777777777
293,indoor_walknrun,TO,Sub4_RF_TO,51,160,100,0.24170616113744076,0.33774834437086093,0.281767955801105,3.019607843137255
294,indoor_walknrun,TO,Sub5_LF_TO,327,1793,19,0.15424528301886792,0.9450867052023122,0.26520681265206814,3.9877675840978593
295,indoor_walknrun,TO,Sub5_RF_TO,30,370,138,0.075,0.17857142857142858,0.1056338028169014,2.7333333333333334
296,indoor_walknrun,TO,Sub6_LF_TO,0,0,124,0.0,0.0,0.0,1000.0
297,indoor_walknrun,TO,Sub6_RF_TO,21,250,118,0.07749077490774908,0.1510791366906475,0.10243902439024391,2.3333333333333335
298,indoor_walknrun,TO,Sub7_LF_TO,0,306,122,0.0,0.0,0.0,1000.0
299,indoor_walknrun,TO,Sub7_RF_TO,0,158,121,0.0,0.0,0.0,1000.0
300,indoor_walknrun,TO,Sub8_LF_TO,0,0,124,0.0,0.0,0.0,1000.0
301,indoor_walknrun,TO,Sub8_RF_TO,12,427,121,0.02733485193621868,0.09022556390977443,0.04195804195804196,2.75
302,indoor_walknrun,TO,Sub9_LF_TO,2,413,140,0.004819277108433735,0.014084507042253521,0.00718132854578097,2.0
303,indoor_walknrun,TO,Sub9_RF_TO,0,198,142,0.0,0.0,0.0,1000.0
304,indoor_walknrun,TO,Sub10_LF_TO,0,0,132,0.0,0.0,0.0,1000.0
305,indoor_walknrun,TO,Sub10_RF_TO,115,1197,68,0.08765243902439024,0.6284153005464481,0.15384615384615383,2.982608695652174
306,indoor_walknrun,TO,Sub11_LF_TO,13,1090,154,0.011786038077969175,0.07784431137724551,0.02047244094488189,3.769230769230769
307,indoor_walknrun,TO,Sub11_RF_TO,9,220,152,0.039301310043668124,0.055900621118012424,0.046153846153846156,3.888888888888889
